{"cameraMode":{"drawMode":0,"name":"Shaded","section":"Shading Mode"},"sceneLighting":true,"audioPlay":false,"sceneViewState":{"m_AlwaysRefresh":false,"showFog":true,"showSkybox":true,"showFlares":true,"showImageEffects":true,"showParticleSystems":true,"showVisualEffectGraphs":true,"m_FxEnabled":true},"in2DMode":false,"pivot":{"x":-0.00784582644701004,"y":3.102126121520996,"z":-0.5174593925476074},"rotation":{"x":0.634687066078186,"y":-0.02085712179541588,"z":0.017140831798315049,"w":0.7723034024238586},"size":21.76783561706543,"orthographic":false}